,precision,recall,f1-score,support
0,1.0,1.0,1.0,425.0
1,0.9783783783783784,0.9551451187335093,0.9666221628838452,379.0
2,0.95,0.9571788413098237,0.9535759096612296,397.0
3,0.9481481481481482,0.9624060150375939,0.9552238805970149,399.0
accuracy,0.969375,0.969375,0.969375,0.969375
macro avg,0.9691316316316316,0.9686824937702316,0.9688554882855225,1600.0
weighted avg,0.9695415728228228,0.969375,0.9694086026416839,1600.0
