,precision,recall,f1-score,support
0,1.0,1.0,1.0,425.0
1,0.981081081081081,0.9577836411609498,0.9692923898531375,379.0
2,0.9615384615384616,0.9445843828715366,0.9529860228716646,397.0
3,0.9349397590361446,0.9724310776942355,0.9533169533169533,399.0
accuracy,0.969375,0.969375,0.969375,0.969375
macro avg,0.9693898254139218,0.9686997754316804,0.9688988415104389,1600.0
weighted avg,0.9697509142599504,0.969375,0.969419207004909,1600.0
