,precision,recall,f1-score,support
0,1.0,0.9929411764705882,0.9964580873671782,425.0
1,1.0,0.9815303430079155,0.9906790945406125,379.0
2,0.98989898989899,0.9874055415617129,0.9886506935687264,397.0
3,0.9707317073170731,0.9974937343358395,0.9839307787391842,399.0
accuracy,0.99,0.99,0.99,0.99
macro avg,0.9901576743040158,0.9898426988440141,0.9899296635539253,1600.0
weighted avg,0.990194906380882,0.99,0.9900279812660386,1600.0
