,precision,recall,f1-score,support
0,1.0,0.9976470588235294,0.9988221436984688,425.0
1,0.989100817438692,0.9577836411609498,0.9731903485254692,379.0
2,0.9529702970297029,0.9697732997481109,0.9612983770287141,397.0
3,0.9580246913580247,0.9724310776942355,0.9651741293532339,399.0
accuracy,0.975,0.975,0.975,0.975
macro avg,0.9750239514566049,0.9744087693567065,0.9746212496514715,1600.0
weighted avg,0.9752814184886925,0.975,0.9750490540345885,1600.0
